{
   "name": "random_forest_classifier_0b8496d8-c8be-11e8-965a-784f4390607b",
   "shape": {
      "inputs": [
         {
            "name": "input_features",
            "port": "features"
         }
      ],
      "outputs": [
         {
            "name": "prediction_python",
            "port": "prediction"
         },
         {
            "name": "raw_prediction",
            "port": "raw_prediction"
         },
         {
            "name": "probability",
            "port": "probability"
         }
      ]
   }
}